Ranking,Name,Tuition,Board,Salary
1,Harvard University,"$48,949","$16,660","$92,033"
2,Massachusetts Institute of Technology,"$49,892","$14,720","$96,033"
3,Yale University,"$51,400","$15,500","$80,200"
4,University of Pennsylvania,"$53,534","$15,066","$82,667"
=5,California Institute of Technology,"$49,908","$14,796","$79,300"
=5,Princeton University,"$47,140","$15,610","$77,700"
=7,Brown University,"$53,419","$14,020","$63,433"
=7,Stanford University,"$49,617","$15,112","$88,567"
9,Cornell University,"$52,853","$14,330","$74,300"
10,Duke University,"$53,500","$14,798","$79,667"
11,Northwestern University,"$52,678","$16,047","$66,433"
=12,Dartmouth College,"$52,950","$15,159","$71,100"
=12,Johns Hopkins University,"$52,170","$15,410","$69,633"
14,University of Chicago,"$54,825","$15,726","$65,867"
15,Columbia University,"$51,640","$13,644","$78,900"
16,Rice University,"$45,608","$13,850","$64,733"
17,Vanderbilt University,"$47,664","$15,584","$64,733"
18,University of Southern California,"$54,259","$14,886","$70,700"
19,Washington University in St Louis,"$51,533","$16,006","$66,400"
20,Amherst College,"$54,310","$14,190","$60,333"
21,Williams College,"$53,550","$14,150","$55,767"
22,Emory University,"$49,392","$13,894","$62,300"
23,Pomona College,"$51,075","$16,150","$55,367"
24,Wellesley College,"$51,148","$15,836","$59,133"
=25,"University of California, Los Angeles","$41,275","$15,441","$59,667"
=25,Carnegie Mellon University,"$53,910","$13,784","$80,533"
27,University of Michigan-Ann Arbor,"$49,142","$11,198","$60,300"
28,Swarthmore College,"$50,822","$14,952","$52,567"
29,Georgetown University,"$52,300","$15,434","$89,200"
30,Tufts University,"$54,318","$14,054","$69,100"
31,New York University,"$50,464","$17,664","$60,100"
32,University of Notre Dame,"$51,495","$14,890","$73,367"
33,University of North Carolina at Chapel Hill,"$34,588","$11,556","$53,567"
34,"University of California, Berkeley","$42,184","$17,549","$62,433"
35,Middlebury College,"$52,496","$14,968","$56,300"
36,"University of California, Davis","$42,433","$16,136","$56,967"
37,"University of California, San Diego","$42,032","$13,115","$59,167"
38,Claremont McKenna College,"$52,825","$16,220","$71,433"
39,Haverford College,"$52,754","$15,958","$57,867"
40,Carleton College,"$52,782","$13,632","$52,100"
41,Smith College,"$50,044","$16,730","$45,167"
42,University of Washington-Seattle,"$35,538","$12,117","$55,400"
43,Wesleyan University,"$52,504","$14,466","$50,767"
=44,Boston University,"$52,082","$15,270","$62,267"
=44,Bowdoin College,"$51,848","$14,132","$59,833"
46,Purdue University West Lafayette,"$28,794","$10,030","$54,800"
47,University of Illinois at Urbana-Champaign,"$34,719","$11,308","$58,567"
48,Colgate University,"$53,980","$13,520","$61,733"
49,University of Miami,"$48,484","$13,666","$57,467"
50,University of Virginia (Main campus)  ,"$47,650","$11,220","$60,667"
51,Barnard College,"$52,662","$16,100","$57,033"
52,Case Western Reserve University,"$47,500","$14,784","$71,033"
53,Bryn Mawr College,"$50,500","$15,910","$53,767"
54,Davidson College,"$49,949","$13,954","$55,100"
55,Lehigh University,"$50,740","$13,120","$78,600"
56,Vassar College,"$55,210","$12,900","$51,767"
57,Grinnell College,"$50,714","$12,400","$45,500"
58,University of Rochester,"$52,020","$15,398","$58,367"
=59,Boston College,"$53,346","$14,142","$69,733"
=59,Hamilton College,"$52,770","$13,400","$58,133"
=61,Mount Holyoke College,"$47,940","$14,060","$46,267"
=61,University of Texas at Austin,"$36,744","$10,070","$55,367"
=63,Bates College,"$52,042","$14,678","$55,500"
=63,University of Florida,"$28,659","$9,910","$53,400"
65,Scripps College,"$52,966","$16,294","$50,533"
66,University of Richmond,"$50,910","$11,820","$61,700"
67,University of Wisconsin-Madison,"$34,783","$10,842","$54,000"
=68,Georgia Institute of Technology,"$33,014","$11,492","$76,467"
=68,Wake Forest University,"$51,400","$13,926","$61,267"
70,Washington and Lee University,"$50,170","$11,910","$73,767"
71,"University of California, Santa Barbara","$42,465","$15,169","$53,067"
72,George Washington University,"$51,346","$13,000","$67,367"
73,"University of California, Irvine","$41,752","$14,861","$56,000"
74,Bucknell University,"$53,986","$13,150","$68,700"
=75,"University of Maryland, College Park","$33,606","$12,402","$61,700"
=75,Reed College,"$54,200","$13,670","$38,433"
77,Pitzer College,"$52,236","$16,264","$46,967"
78,Texas A&M University-College Station,"$35,860","$10,368","$55,800"
79,William & Mary,"$43,670","$11,799","$56,300"
80,United States Naval Academy,n/a,n/a,n/a
=81,University of Illinois at Chicago,"$25,430","$11,930","$52,533"
=81,Michigan State University,"$40,024","$10,026","$51,667"
83,Macalester College,"$52,464","$11,672","$46,467"
=84,Southern Methodist University,"$52,498","$16,510","$57,533"
=84,Tulane University,"$52,960","$14,536","$52,900"
86,Ohio State University (Main campus)  ,"$29,696","$12,292","$44,233"
=87,Lafayette College,"$50,850","$15,040","$68,300"
=87,Santa Clara University,"$49,858","$14,487","$69,933"
=87,Trinity College,"$54,770","$14,200","$59,867"
90,Loyola Marymount University,"$46,136","$13,255","$57,067"
=91,Franklin & Marshall College,"$54,370","$13,580","$55,067"
=91,Kenyon College,"$53,560","$12,280","$45,900"
=93,Northeastern University,"$49,497","$15,880","$64,367"
=93,Skidmore College,"$52,446","$14,004","$46,600"
95,University of Minnesota Twin Cities,"$26,603","$9,852","$50,000"
=96,Drexel University,"$52,002","$13,890","$66,000"
=96,Oberlin College,"$53,460","$15,212","$40,433"
=96,University of Pittsburgh-Pittsburgh campus,"$30,642","$10,950","$51,133"
99,Occidental College,"$52,838","$14,968","$49,600"
100,Dickinson College,"$52,930","$13,236","$55,167"
=101,Gettysburg College,"$52,640","$12,570","$54,033"
=101,Whitman College,"$49,780","$12,524","$47,233"
103,Connecticut College,"$52,850","$14,590","$53,333"
104,North Carolina State University,"$27,406","$10,854","$49,800"
=105,University of Connecticut,"$36,948","$12,514","$56,067"
=105,Penn State (Main campus)  ,"$33,664","$11,280","$48,767"
=105,Stony Brook University,"$26,767","$13,446","$55,900"
=105,Virginia Polytechnic Institute and State University,"$31,014","$8,920","$60,667"
109,Brandeis University,"$53,182","$14,906","$56,667"
110,University at Buffalo,"$27,068","$12,477","$50,300"
=111,Colorado College,"$52,818","$12,076","$42,333"
=111,Trinity University,"$41,344","$13,136","$54,500"
=113,University of the Pacific,"$46,346","$13,356","$69,733"
=113,Seattle University,"$42,885","$12,072","$55,933"
115,Union College,"$53,490","$13,119","$64,200"
116,DePauw University,"$47,838","$12,529","$50,800"
=117,Denison University,"$50,440","$12,330","$48,900"
=117,Howard University,"$25,697","$13,504","$47,333"
119,Worcester Polytechnic Institute,"$48,628","$14,218","$82,600"
120,Babson College,"$49,664","$15,838","$91,400"
121,Saint Louis University,"$42,166","$10,996","$54,900"
122,Rensselaer Polytechnic Institute,"$52,305","$14,960","$79,833"
=123,Indiana University Bloomington,"$34,845","$10,258","$46,167"
=123,Syracuse University,"$46,755","$15,558","$59,033"
125,College of the Holy Cross,"$50,630","$13,690","$66,433"
126,University of Utah,"$28,127","$9,867","$51,167"
=127,Creighton University,"$38,750","$10,702","$57,633"
=127,Simmons University,"$39,610","$14,800","$51,833"
129,Villanova University,"$51,284","$13,547","$75,433"
130,Rutgers University-New Brunswick,"$30,579","$12,452","$56,267"
=131,American University,"$46,615","$15,898","$58,700"
=131,University of Denver,"$48,669","$12,612","$54,000"
133,Wheaton College (Massachusetts),"$50,850","$12,968","$46,133"
=134,Bentley University,"$48,000","$15,720","$81,467"
=134,Rhodes College,"$46,504","$11,290","$51,667"
136,University of Arizona,"$32,429","$12,300","$45,700"
=137,Illinois Institute of Technology,"$45,253","$13,007","$69,400"
=137,Pepperdine University,"$51,992","$14,870","$61,933"
139,Rhode Island School of Design,"$48,470","$13,050","$47,400"
140,Yeshiva University,"$42,000","$11,950","$56,800"
=141,Sewanee-The University of the South,"$41,084","$12,880","$42,233"
=141,Willamette University,"$48,158","$11,880","$49,833"
=143,Brigham Young University-Provo,"$5,460","$7,530","$57,900"
=143,Elon University,"$34,273","$11,869","$49,133"
=143,Hobart and William Smith Colleges,"$53,525","$14,250","$51,100"
=143,The College of Wooster,"$48,600","$11,400","$46,033"
147,University of Georgia,"$30,392","$10,060","$48,767"
=148,University of Delaware,"$33,150","$12,332","$55,667"
=148,Furman University,"$48,348","$12,158","$47,933"
=150,University of Iowa,"$30,609","$10,450","$50,400"
=150,University of San Diego,"$47,708","$12,630","$58,733"
=150,Spelman College,"$28,181","$13,461","$46,600"
=153,Catholic University of America,"$44,060","$14,316","$55,500"
=153,"Binghamton University, State University of New York","$24,403","$14,577","$59,400"
=155,Berea College,"$25,760","$6,534","$32,967"
=155,Rochester Institute of Technology,"$40,068","$12,666","$60,767"
157,Sarah Lawrence College,"$54,010","$14,856","$39,967"
=158,Chapman University,"$50,594","$14,910","$52,167"
=158,University of Colorado Boulder,"$36,220","$13,998","$48,867"
=160,Allegheny College,"$45,970","$11,650","$49,500"
=160,University of Massachusetts Amherst,"$33,477","$12,258","$50,133"
=160,Ohio Northern University,"$30,990","$11,270","$61,500"
=160,Stevens Institute of Technology,"$50,554","$14,400","$86,733"
164,University of San Francisco,"$46,250","$14,330","$60,833"
=165,Marquette University,"$39,870","$11,890","$59,200"
=165,Texas Christian University,"$44,760","$12,360","$50,900"
=167,Baylor University,"$43,790","$12,163","$49,733"
=167,Muhlenberg College,"$50,830","$11,420","$57,000"
169,Colorado School of Mines,"$37,436","$11,897","$80,900"
=170,California Institute of the Arts,"$47,446","$11,757","$35,500"
=170,Samford University,"$30,490","$10,280","$47,333"
=172,Butler University,"$39,960","$13,030","$55,433"
=172,University of Detroit Mercy,"$41,158","$9,452","$46,267"
=172,Loyola University Chicago,"$42,828","$14,080","$52,267"
=172,Ursinus College,"$50,360","$12,560","$53,667"
=176,Fordham University,"$50,601","$17,445","$57,600"
=176,Linfield College - McMinnville campus,"$41,646","$12,380","$53,267"
=176,St Olaf College,"$46,000","$10,430","$47,567"
=176,Virginia Military Institute,"$43,902","$9,236","$62,700"
=176,Washington State University,"$25,817","$11,356","$48,900"
=181,Kalamazoo College,"$46,840","$9,390","$49,400"
=181,Wheaton College (Illinois),"$35,190","$9,806","$45,367"
183,University of Colorado Denver,"$25,259",n/a,"$55,833"
184,George Mason University,"$34,370","$12,028","$58,433"
=185,Ohio Wesleyan University,"$44,690","$12,460","$43,833"
=185,Temple University,"$28,418","$11,696","$48,767"
187,St Lawrence University,"$52,990","$13,656","$47,367"
188,Clemson University,"$36,058","$9,592","$51,367"
=189,"University of California, Riverside","$41,931","$15,542","$48,067"
=189,Lawrence University,"$46,101","$10,032","$42,300"
=189,Westmont College,"$44,044","$13,886","$49,133"
192,Gustavus Adolphus College,"$44,080","$9,670","$49,667"
=193,"California Polytechnic State University, San Luis Obispo","$21,312","$13,134","$63,933"
=193,Saint Mary's College of California,"$45,686","$15,320","$57,100"
195,University of Tulsa,"$39,502","$11,116","$45,733"
196,State University of New York Albany,"$24,370","$13,464","$50,733"
197,Bradley University,"$32,930","$10,310","$52,067"
198,University of the Sciences,"$39,994","$15,738","$93,067"
=199,Fairfield University,"$47,165","$14,280","$70,133"
=199,Michigan Technological University,"$33,961","$10,477","$64,167"
=199,Missouri University of Science and Technology,"$27,701","$10,094","$67,467"
=199,Wofford College,"$41,955","$12,140","$50,400"
=203,Clark University,"$44,400","$8,860","$45,467"
=203,Lake Forest College,"$45,548","$10,052","$49,000"
=205,CUNY City College of New York,"$14,330","$15,550","$45,967"
=205,Clarkson University,"$47,950","$14,488","$69,733"
=205,University of Oklahoma,"$24,444","$10,588","$48,833"
=208,Adelphi University,"$37,170","$15,120","$55,000"
=208,Bryant University,"$42,109","$15,095","$66,667"
=208,CUNY Hunter College,"$14,372","$8,288","$45,767"
=208,Drake University,"$39,062","$10,158","$56,933"
=208,Florida State University,"$21,683","$10,458","$45,100"
=208,Loyola University Maryland,"$47,560","$14,150","$65,300"
=208,University of Portland,"$44,026","$12,658","$56,400"
=208,Susquehanna University,"$45,470","$12,090","$52,200"
=208,Washington & Jefferson College,"$46,628","$11,806","$51,333"
217,Drew University,"$49,168","$13,696","$51,267"
218,Southwestern University,"$40,560","$11,170","$50,467"
219,Miami University,"$32,750","$13,202","$45,933"
220,Knox College,"$44,958","$9,696","$39,867"
=221,DePaul University,"$39,010","$13,797","$51,533"
=221,Stonehill College,"$41,300","$15,760","$59,333"
=221,Washington College,"$44,820","$11,040","$46,900"
=224,Arizona State University (Tempe)  ,"$27,372","$12,209","$46,067"
=224,Beloit College,"$48,706","$8,436","$40,600"
=224,Centre College,"$40,500","$10,180","$44,300"
=224,Dominican University of California,"$44,690","$14,650","$53,067"
228,Hofstra University,"$43,960","$14,250","$52,867"
=229,"Embry-Riddle Aeronautical University, Daytona Beach","$34,822","$11,100","$63,367"
=229,Gonzaga University,"$41,330","$11,550","$54,400"
=229,Providence College,"$48,764","$14,240","$60,833"
=232,CUNY Bernard M. Baruch College,"$14,452","$17,926","$56,250"
=232,University of Scranton,"$43,310","$14,618","$56,433"
=234,Ithaca College,"$42,884","$15,274","$51,000"
=234,Lewis & Clark College,"$48,988","$11,996","$43,633"
=234,Mercer University,"$24,480","$11,315","$47,233"
237,Pratt Institute,"$50,038","$12,020","$42,600"
238,University of Kansas,"$26,592","$10,276","$46,700"
=239,University of Oregon,"$34,611","$11,450","$43,233"
=239,Southern Illinois University Carbondale,"$26,856","$10,622","$41,967"
=239,Westminster College (Utah),"$33,560","$9,244","$48,000"
=242,Cornell College,"$40,880","$9,110","$41,700"
=242,University of Dayton,"$41,750","$13,180","$52,433"
=242,College of Saint Benedict,"$43,738","$10,742","$49,933"
=245,Florida Institute of Technology,"$41,240","$13,610","$57,667"
=245,New Jersey Institute of Technology,"$31,918","$13,300","$66,300"
=245,Saint Joseph's University,"$43,880","$14,840","$58,533"
=245,University of Wyoming,"$13,731","$10,320","$46,533"
=249,Auburn University,"$29,640","$13,332","$47,200"
=249,Oklahoma City University,"$30,726","$8,624","$41,067"
=251,"University of California, Santa Cruz","$42,034","$16,055","$44,533"
=251,Rutgers University-Newark,"$30,026","$13,266","$56,267"
=253,Albion College,"$43,050","$12,210","$46,167"
=253,Jefferson (Philadelphia University + Thomas Jefferson University),"$39,130","$13,005","$49,533"
=253,Saint John's University,"$43,356","$10,116","$58,600"
=256,University of Alabama at Birmingham,"$19,032","$11,682","$40,367"
=256,Luther College,"$41,020","$8,970","$44,233"
=256,Molloy College,"$30,310","$14,712","$57,967"
=256,Saint Anselm College,"$39,990","$14,146","$55,533"
260,University of Hawai’i at Mānoa,"$33,786","$13,673","$44,133"
=261,Hope College,"$32,780","$10,000","$44,200"
=261,Quinnipiac University,"$46,780","$14,190","$60,533"
=261,Valparaiso University,"$38,760","$11,400","$48,733"
=264,Bard College,"$52,906","$15,066","$38,100"
=264,Rollins College,"$48,335","$14,730","$44,033"
=266,Manhattan College,"$41,412","$15,600","$63,167"
=266,The College of New Jersey,"$27,578","$13,201","$56,900"
=266,New York Institute of Technology,"$35,870","$17,086","$52,933"
269,Earlham College,"$45,750","$9,920","$34,300"
=270,Hampshire College,"$51,608","$13,606","$33,400"
=270,San Diego State University,"$19,340","$15,966","$48,900"
=270,The University of Tennessee-Knoxville,"$31,390","$10,696","$43,600"
273,Duquesne University,"$36,394","$12,114","$56,467"
274,Hampden-Sydney College,"$43,940","$13,420","$50,200"
275,Whittier College,"$46,110","$13,310","$44,633"
=276,"University of Nevada, Reno","$21,540","$10,940","$45,667"
=276,Rutgers University-Camden,"$29,924","$12,094","$56,267"
=276,University of South Florida (Tampa)  ,"$17,324","$9,700","$42,100"
=279,Augustana College (Illinois),"$40,908","$10,314","$49,467"
=279,James Madison University,"$27,230","$10,112","$54,333"
=279,MCPHS University,"$32,590","$16,400","$114,033"
282,Austin College,"$38,800","$12,334","$48,100"
=283,"University of Maryland, Baltimore County","$25,654","$11,836","$54,267"
=283,University of Vermont,"$41,356","$12,022","$45,467"
=285,"Embry-Riddle Aeronautical University, Prescott","$34,662","$10,468","$63,367"
=285,Moravian College,"$42,024","$12,694","$49,300"
=287,Elizabethtown College,"$45,350","$10,990","$49,467"
=287,Iowa State University,"$22,472","$8,546","$49,033"
=287,San Jose State University,"$19,601","$15,594","$54,500"
=287,Western New England University,"$35,740","$13,442","$55,433"
291,Suffolk University,"$37,270","$15,046","$52,033"
=292,CUNY Queens College,"$14,528","$14,370","$47,800"
=292,Oregon State University,"$29,457","$11,445","$47,500"
=292,Pace University-New York,"$43,986","$18,002","$58,333"
=295,Louisiana State University,"$28,051","$11,750","$47,833"
=295,Siena College,"$35,735","$14,550","$55,267"
=297,Illinois State University,"$18,653","$9,850","$46,033"
=297,University of Washington-Bothell,"$35,475","$11,259","$55,400"
=299,Concordia College at Moorhead,"$38,378","$8,040","$42,733"
=299,Eastern Mennonite University,"$35,800","$11,000","$38,800"
=299,SUNY College of Environmental Science and Forestry,"$18,193","$16,510","$43,267"
=299,Wayne State University,"$29,663","$10,102","$40,033"
303,University of St Thomas (Minnesota),"$41,133","$10,054","$56,200"
304,Xavier University,"$37,230","$12,150","$48,800"
=305,University of Evansville,"$35,396","$12,160","$40,900"
=305,John Carroll University,"$39,990","$11,580","$51,967"
=305,University of St Thomas (Texas)  ,"$32,660","$8,850","$48,767"
=308,Hanover College,"$36,520","$11,230","$43,600"
=308,Mount Saint Mary's University,"$39,608","$12,138","$51,900"
=308,St John Fisher College,"$33,120","$12,150","$46,200"
=311,University of Central Florida,"$22,467","$9,764","$43,867"
=311,La Salle University,"$29,500","$13,976","$54,400"
=311,University of Mississippi,"$23,564","$10,502","$41,433"
=311,Rowan University,"$21,890","$12,236","$49,500"
=311,University of Texas at Dallas,"$29,656","$11,112","$51,300"
=311,Wagner College,"$45,380","$13,650","$55,600"
=317,Albany College of Pharmacy and Health Sciences,"$33,621","$10,800","$120,700"
=317,Dominican University (Illinois),"$32,530","$9,942","$45,100"
=319,"California State University, Long Beach","$18,610","$12,484","$47,233"
=319,Coe College,"$42,430","$9,140","$44,233"
=319,Rider University,"$41,310","$14,860","$50,067"
=319,Union University,"$31,510","$10,400","$41,300"
=323,Azusa Pacific University,"$37,506","$9,794","$50,533"
=323,CUNY Brooklyn College,"$14,430",n/a,"$43,967"
=323,Chatham University,"$36,510","$11,390","$34,667"
=323,University of Kentucky,"$28,046","$12,858","$43,333"
=323,University of Toledo,"$18,885","$11,004","$41,867"
=328,University of Cincinnati,"$26,334","$11,118","$40,233"
=328,John Brown University,"$26,144","$9,040","$46,233"
=328,Widener University,"$44,166","$14,024","$53,167"
=328,William Jewell College,"$33,686","$9,640","$44,067"
=332,Eckerd College,"$43,044","$11,706","$41,367"
=332,University of Missouri-Kansas City,"$24,490","$11,026","$44,433"
=332,Pacific University,"$43,556","$12,162","$43,500"
=332,Seton Hall University,"$40,588","$13,502","$55,800"
=332,The College of St Scholastica,"$36,212","$9,522","$50,800"
=337,Marietta College,"$36,040","$11,330","$41,800"
=337,University of Minnesota Morris,"$15,092","$8,150","$39,700"
=337,SUNY New Paltz,"$17,625","$12,680","$44,100"
=340,Doane University,"$32,250","$9,090","$43,800"
=340,Illinois College,"$32,140","$9,190","$40,000"
=340,Roanoke College,"$42,694","$13,258","$43,900"
=343,University of Alaska Fairbanks,"$23,382","$8,730","$37,333"
=343,"California State University, Chico","$19,228","$12,712","$46,033"
=343,Canisius College,"$36,454","$13,218","$46,367"
=343,Indiana Wesleyan University-Marion,"$25,980","$8,312","$48,100"
=343,The New School,"$47,351","$18,600","$42,767"
=348,University of Missouri-Columbia,"$26,506","$10,676","$46,800"
=348,University of Redlands,"$48,072","$13,862","$52,867"
=348,University of South Carolina-Columbia,"$31,962","$10,008","$43,367"
=351,School of the Art Institute of Chicago,"$47,420","$13,890","$32,500"
=351,California Lutheran University,"$41,363","$13,320","$52,667"
=351,Lycoming College,"$38,618","$11,980","$44,967"
=354,Ohio University (Main campus),"$21,360","$11,598","$40,000"
=354,Ringling College of Art and Design,"$44,560","$14,600","$33,767"
=356,"California State University, Fresno","$18,465","$9,704","$43,667"
=356,College for Creative Studies,"$42,460","$8,650","$40,967"
=356,Point Loma Nazarene University,"$34,600","$10,150","$49,433"
359,Calvin College,"$33,100","$9,990","$43,267"
=360,Augustana University,"$31,960","$8,008","$42,367"
=360,University of Hartford,"$38,910","$12,346","$46,367"
=360,Hartwick College,"$44,134","$12,093","$43,467"
=360,College of Idaho,"$28,755","$9,192","$39,100"
=364,Alma College,"$38,858","$10,642","$42,733"
=364,Bellarmine University,"$40,350","$12,182","$46,100"
=364,University of Houston,"$22,066","$9,984","$50,133"
=364,Loyola University New Orleans,"$39,242","$12,666","$43,300"
=368,Andrews University,"$28,436","$9,078","$39,400"
=368,Stetson University,"$44,490","$12,684","$41,767"
=370,Assumption College,"$36,260","$12,196","$53,933"
=370,Westminster College (Missouri),"$25,940","$9,810","$41,233"
=370,Westminster College (Pennsylvania),"$36,276","$11,020","$42,967"
=373,University of Louisville,"$26,286","$8,374","$40,200"
=373,Oklahoma State University,"$23,776","$8,940","$44,867"
=375,"California State University, Northridge","$18,755","$10,402","$43,967"
=375,Eastern Illinois University,"$15,044","$9,736","$40,733"
=375,Florida International University,"$18,954","$10,882","$44,733"
=375,Nazareth College,"$33,324","$13,410","$44,133"
=375,Stockton University,"$20,357","$12,120","$47,100"
380,Roosevelt University,"$28,963","$12,927","$43,667"
=381,"California State University, Monterey Bay","$18,923","$12,396","$42,433"
=381,Indiana University-Purdue University Indianapolis,"$29,806","$9,618","$41,233"
=381,Millikin University,"$33,066","$11,498","$42,367"
=381,Pacific Lutheran University,"$40,722","$10,520","$47,833"
=381,Taylor University,"$32,885","$9,245","$36,833"
=381,Transylvania University,"$37,290","$10,160","$41,833"
=387,Cedar Crest College,"$38,092","$11,208","$46,267"
=387,Wartburg College,"$39,730","$9,748","$43,767"
=389,"California State Polytechnic University, Pomona","$19,219","$14,514","$51,933"
=389,Wittenberg University,"$38,730","$10,126","$42,167"
=391,Gannon University,"$31,842","$11,990","$46,600"
=391,Saint Vincent College,"$34,430","$11,399","$46,767"
=391,Virginia Commonwealth University,"$32,768","$11,506","$42,533"
=394,Towson University,"$22,140","$12,184","$49,933"
=394,Xavier University of Louisiana,"$23,606","$9,534","$48,300"
=396,Hendrix College,"$44,070","$11,926","$40,267"
=396,Lebanon Valley College,"$42,180","$11,460","$45,600"
=396,Misericordia University,"$31,660","$13,550","$49,367"
=396,Seattle Pacific University,"$40,902","$11,232","$47,100"
=396,Western Illinois University,"$12,664","$9,630","$41,933"
401-500,University of Alabama,"$28,100","$13,324","$43,033"
401-500,University of Alabama in Huntsville,"$21,480","$9,748","$45,933"
401-500,Alverno College,"$28,277","$8,296","$37,667"
401-500,Arcadia University,"$42,330","$13,660","$43,167"
401-500,Arizona State University (Downtown Phoenix),"$27,372","$13,842","$47,700"
401-500,University of Arkansas,"$24,308","$10,704","$43,800"
401-500,Augsburg University,"$37,615","$9,939","$46,600"
401-500,Baldwin Wallace University,"$31,668","$9,142","$44,533"
401-500,Belmont University,"$32,820","$11,680","$42,967"
401-500,Benedictine University,"$32,739","$10,006","$49,633"
401-500,Berry College,"$35,176","$12,260","$38,900"
401-500,Bethel University,"$36,210","$10,340","$45,800"
401-500,CUNY Lehman College,"$14,400","$13,338","$41,567"
401-500,California College of the Arts,"$47,266","$12,690","$35,000"
401-500,"California State University, Bakersfield","$19,027","$13,968","$46,967"
401-500,"California State University, East Bay","$18,714","$14,184","$51,133"
401-500,"California State University, Fullerton","$18,730","$15,642","$45,567"
401-500,"California State University, Sacramento","$19,084","$14,396","$47,400"
401-500,"California State University, San Bernardino","$18,765","$13,221","$44,633"
401-500,"California State University, San Marcos","$19,533","$13,227","$45,933"
401-500,Campbell University,"$31,190","$11,150","$44,233"
401-500,Capital University,"$34,600","$10,178","$42,767"
401-500,Carroll College,"$34,480","$9,608","$44,967"
401-500,Cedarville University,"$29,156","$7,088","$40,733"
401-500,Central College,"$35,930","$9,980","$43,233"
401-500,Central Connecticut State University,"$22,914","$11,816","$46,067"
401-500,Clarke University,"$31,950","$9,400","$40,767"
401-500,Cleveland State University,"$13,829","$12,500","$39,867"
401-500,"Colorado State University, Fort Collins","$28,903","$11,974","$45,533"
401-500,University of Dallas,"$38,716","$11,960","$45,567"
401-500,Dordt University,"$30,000","$9,140","$39,633"
401-500,Edgewood College,"$28,500","$10,494","$42,567"
401-500,Florida Atlantic University,"$17,276","$11,906","$41,800"
401-500,Franklin College,"$30,920","$9,630","$42,033"
401-500,George Fox University,"$35,016","$10,886","$43,367"
401-500,Gordon College,"$36,740","$11,000","$40,400"
401-500,Hamline University,"$40,332","$10,156","$48,033"
401-500,Hampton University,"$25,442","$11,218","$42,533"
401-500,Hastings College,"$29,200","$9,400","$42,300"
401-500,University of Idaho,"$23,812","$8,670","$40,867"
401-500,Iona College,"$37,682","$14,832","$53,767"
401-500,Kansas State University,"$25,492","$9,430","$44,233"
401-500,Kettering University,"$38,658","$8,040","$78,833"
401-500,King's College,"$35,830","$12,410","$49,167"
401-500,LIU Brooklyn,"$36,978","$13,720","$46,667"
401-500,Lawrence Technological University,"$32,180","$9,500","$54,800"
401-500,Le Moyne College,"$33,905","$13,400","$49,067"
401-500,Lewis University,"$31,250","$10,460","$47,533"
401-500,Lincoln Memorial University,"$21,410","$8,290","$37,200"
401-500,University of Lynchburg,"$37,690","$10,680","$42,367"
401-500,Marian University (Indiana),"$33,000","$10,206","$42,800"
401-500,Marist College,"$36,680","$15,100","$54,967"
401-500,Massachusetts College of Art and Design,"$34,400","$13,500","$34,933"
401-500,University of Massachusetts Boston,"$32,985",n/a,"$47,067"
401-500,McDaniel College,"$41,800","$11,110","$48,033"
401-500,Merrimack College,"$39,770","$15,225","$55,933"
401-500,Messiah College,"$34,160","$10,220","$43,400"
401-500,Metropolitan State University,"$14,960",n/a,"$47,100"
401-500,University of Michigan-Dearborn,"$24,871",n/a,"$46,933"
401-500,Milwaukee School of Engineering,"$39,419","$9,417","$68,167"
401-500,Mississippi State University,"$22,358","$9,614","$40,200"
401-500,University of Missouri-St Louis,"$27,327","$10,140","$41,167"
401-500,Montclair State University,"$20,567","$14,458","$48,933"
401-500,Morehouse College,"$27,278","$13,557","$41,967"
401-500,University of Nebraska-Lincoln,"$24,278","$11,044","$44,533"
401-500,"University of Nevada, Las Vegas","$21,733","$10,806","$43,667"
401-500,University of New Mexico (Main campus)  ,"$22,038","$9,662","$35,400"
401-500,University of North Dakota,"$20,047","$8,548","$47,300"
401-500,North Dakota State University,"$20,572","$8,586","$47,167"
401-500,University of North Florida,"$18,718","$9,772","$42,133"
401-500,North Park University,"$28,620","$9,310","$42,867"
401-500,University of North Texas,"$20,504","$9,268","$43,533"
401-500,Northeastern Illinois University,"$17,596","$11,424","$36,967"
401-500,Northern Illinois University,"$23,817","$10,880","$44,400"
401-500,Notre Dame de Namur University,"$34,196","$13,656","$53,933"
401-500,Nova Southeastern University,"$29,880","$12,550","$44,900"
401-500,Ouachita Baptist University,"$25,870","$7,630","$39,000"
401-500,College of the Ozarks,"$19,130","$7,100","$32,600"
401-500,Randolph-Macon College,"$40,000","$11,480","$46,667"
401-500,University of Rhode Island,"$30,042","$12,452","$50,100"
401-500,Roger Williams University,"$32,510","$15,564","$48,933"
401-500,SUNY Buffalo State,"$17,626","$13,486","$38,833"
401-500,SUNY Plattsburgh,"$17,716","$12,490","$40,733"
401-500,Saint Francis University,"$35,066","$11,928","$48,933"
401-500,Saint Michael's College,"$43,640","$11,750","$48,100"
401-500,Salve Regina University,"$38,986","$14,060","$51,300"
401-500,San Francisco State University,"$19,134","$14,502","$48,133"
401-500,Shenandoah University,"$31,920","$10,180","$42,200"
401-500,Springfield College,"$36,535","$12,240","$43,967"
401-500,St Ambrose University,"$30,016","$10,164","$45,633"
401-500,St Bonaventure University,"$33,331","$11,807","$45,400"
401-500,St Catherine University,"$32,431","$9,196","$46,967"
401-500,St Edward's University,"$43,050","$11,900","$45,500"
401-500,St John's University-New York,"$40,197","$16,640","$53,733"
401-500,St Norbert College,"$36,593","$9,467","$45,100"
401-500,Stevenson University,"$35,490","$12,922","$49,800"
401-500,University of Texas at El Paso,"$21,396","$9,495","$39,333"
401-500,Texas Tech University,"$18,652","$9,153","$49,400"
401-500,Trinity Christian College,"$28,675","$9,680","$41,967"
401-500,Tuskegee University,"$22,170","$9,650","$35,867"
401-500,Utah State University,"$20,727","$7,080","$42,600"
401-500,West Virginia University,"$23,616","$10,576","$44,400"
401-500,Western Michigan University,"$14,699","$9,848","$43,800"
401-500,Western Washington University,"$22,445","$10,971","$44,600"
401-500,Wilkes University,"$34,896","$14,270","$50,600"
501-600,Abilene Christian University,"$33,330","$10,378","$41,533"
501-600,Adrian College,"$36,010","$10,988","$37,533"
501-600,Albright College,"$43,454","$11,606","$45,733"
501-600,Alfred University,"$28,114","$12,272","$40,700"
501-600,The University of the Arts,"$43,100","$15,710","$31,067"
501-600,Berklee College of Music,"$42,750","$18,180","$29,833"
501-600,Biola University,"$38,448","$10,972","$42,700"
501-600,"California State University, Dominguez Hills","$18,717","$11,404","$43,600"
501-600,"California State University, Los Angeles","$18,519","$13,356","$44,467"
501-600,Central Washington University,"$22,010","$10,684","$45,300"
501-600,College of Charleston,"$30,810","$12,048","$40,300"
501-600,Columbus College of Art & Design,"$34,440","$9,370","$31,667"
501-600,Concordia University Wisconsin,"$28,600","$10,530","$42,267"
501-600,Covenant College,"$33,170","$9,910","$39,967"
501-600,Daemen College,"$27,990","$12,696","$40,233"
501-600,East Carolina University,"$23,250","$9,835","$39,600"
501-600,Eastern Connecticut State University,"$23,608","$13,050","$44,667"
501-600,Emerson College,"$43,728","$16,992","$45,067"
501-600,Emmanuel College,"$38,844","$14,628","$47,533"
501-600,Georgetown College,"$37,160","$9,410","$41,300"
501-600,Georgia State University,"$23,971","$14,392","$41,767"
501-600,Georgian Court University,"$32,260","$10,808","$43,633"
501-600,Hardin-Simmons University,"$27,440","$8,420","$40,833"
501-600,High Point University,"$34,005","$13,350","$38,100"
501-600,Hood College,"$37,960","$12,580","$43,467"
501-600,University of Houston-Downtown,"$15,782",n/a,"$43,433"
501-600,Humboldt State University,"$19,373","$13,016","$35,167"
501-600,Idaho State University,"$21,942","$7,024","$35,067"
501-600,University of the Incarnate Word,"$29,990","$12,436","$44,733"
501-600,University of Indianapolis,"$28,390","$9,988","$40,767"
501-600,Kean University,"$19,009","$13,513","$45,867"
501-600,LIU Post,"$36,978","$13,720","$46,667"
501-600,La Sierra University,"$32,130","$8,250","$45,167"
501-600,University of La Verne,"$41,450","$13,180","$49,433"
501-600,Lesley University,"$26,675","$15,750","$36,567"
501-600,Lipscomb University,"$30,932","$12,052","$40,333"
501-600,Loras College,"$32,886","$7,840","$43,000"
501-600,Manchester University,"$31,660","$10,100","$39,033"
501-600,Manhattanville College,"$37,910","$14,520","$46,333"
501-600,University of Mary Washington,"$27,434","$10,911","$50,133"
501-600,University of Massachusetts Dartmouth,"$28,285","$12,936","$46,900"
501-600,University of Massachusetts Lowell,"$31,865","$12,496","$51,433"
501-600,University of Memphis,"$21,029","$9,366","$36,500"
501-600,Mercyhurst University,"$36,320","$12,210","$39,833"
501-600,University of Michigan-Flint,"$21,165","$8,386","$40,300"
501-600,Morningside College,"$30,390","$9,390","$42,033"
501-600,College of Mount Saint Vincent,"$33,458","$9,500","$51,700"
501-600,University of Mount Union,"$29,890","$10,100","$42,333"
501-600,Mount Vernon Nazarene University,"$18,946","$7,854","$41,567"
501-600,University of Nebraska Omaha,"$20,320","$9,406","$42,733"
501-600,University of New Hampshire,"$32,637","$11,266","$48,900"
501-600,University of New Haven,"$38,170","$15,610","$49,933"
501-600,New Mexico State University (Main campus)  ,"$21,022","$8,686","$33,600"
501-600,University of North Carolina at Asheville,"$23,868","$9,106","$34,400"
501-600,University of North Carolina at Charlotte,"$20,266","$12,408","$42,733"
501-600,University of North Carolina at Greensboro,"$22,409","$10,183","$36,367"
501-600,North Central College,"$37,749","$10,650","$46,067"
501-600,Northeastern State University,"$14,022","$7,764","$35,300"
501-600,Northern Arizona University,"$16,998","$9,944","$39,500"
501-600,University of Northern Iowa,"$19,241","$8,781","$43,133"
501-600,Northwestern College,"$30,200","$9,000","$37,733"
501-600,Norwich University,"$38,662","$13,372","$49,667"
501-600,Old Dominion University,"$27,900","$11,268","$42,933"
501-600,Otterbein University,"$31,874","$10,528","$41,800"
501-600,Portland State University,"$26,130",n/a,"$43,233"
501-600,Queens University of Charlotte,"$33,532","$11,844","$39,200"
501-600,Ramapo College of New Jersey,"$23,214","$12,180","$49,067"
501-600,Robert Morris University,"$29,420","$12,900","$45,267"
501-600,SUNY College at Brockport,"$17,804","$12,904","$41,700"
501-600,SUNY Cortland,"$17,950","$12,810","$45,800"
501-600,SUNY at Fredonia,"$17,936","$12,490","$40,367"
501-600,SUNY Geneseo,"$18,058","$13,214","$47,233"
501-600,SUNY Oneonta,"$17,816","$12,794","$42,567"
501-600,SUNY Oswego,"$17,841","$13,740","$42,067"
501-600,SUNY Potsdam,"$17,871","$12,830","$37,900"
501-600,Sacred Heart University,"$39,820","$14,770","$54,733"
501-600,Saint Xavier University,"$33,380","$11,340","$45,267"
501-600,Salisbury University,"$18,622","$11,480","$48,167"
501-600,Sam Houston State University,"$18,022","$9,178","$42,767"
501-600,Schreiner University,"$26,900","$10,152","$38,467"
501-600,Sonoma State University,"$19,604","$13,554","$46,200"
501-600,South Dakota State University,"$11,689","$8,563","$42,367"
501-600,Southern Adventist University,"$21,550","$6,750","$37,567"
501-600,Southern Illinois University Edwardsville,"$11,134","$9,481","$41,267"
501-600,University of Southern Mississippi,"$10,218","$9,631","$36,033"
501-600,Tennessee Technological University,"$24,377","$9,400","$38,233"
501-600,Texas A&M International University,"$17,411","$8,160","$44,267"
501-600,University of Texas Rio Grande Valley,"$17,547","$7,986","$40,567"
501-600,Texas State University,"$21,605","$9,490","$44,500"
501-600,University of Texas at Tyler,"$20,542","$9,290","$42,900"
501-600,Texas Woman's University,"$17,530","$8,181","$44,433"
501-600,Truman State University,"$14,440","$8,638","$43,733"
501-600,Waynesburg University,"$24,010","$9,820","$44,667"
501-600,Wentworth Institute of Technology,"$34,977","$13,844","$60,700"
501-600,West Virginia Wesleyan College,"$30,752","$8,436","$41,467"
501-600,Whitworth University,"$42,186","$11,496","$41,400"
501-600,William Paterson University of New Jersey,"$20,842","$11,317","$44,700"
501-600,Wisconsin Lutheran College,"$29,140","$9,910","$40,133"
501-600,University of Wisconsin-Milwaukee,"$20,844","$10,560","$42,800"
> 600,University of Akron ,"$18,801","$12,296","$35,267"
> 600,Albertus Magnus College,"$31,140","$13,000","$51,500"
> 600,Alvernia University,"$33,640","$11,690","$43,067"
> 600,Anderson University (South Carolina),"$26,970","$9,680","$34,367"
> 600,Appalachian State University,"$22,109","$8,173","$37,333"
> 600,Ashland University,"$20,700","$9,746","$39,500"
> 600,Ball State University,"$25,942","$10,034","$39,767"
> 600,Bemidji State University,"$8,678","$8,162","$39,700"
> 600,Benedictine College,"$28,480","$9,900","$39,600"
> 600,Bloomsburg University of Pennsylvania,"$21,980","$9,430","$44,033"
> 600,Boise State University,"$22,642","$10,042","$36,267"
> 600,Bowling Green State University,"$18,593","$8,898","$39,567"
> 600,University of Bridgeport,"$32,250","$13,590","$42,633"
> 600,Bridgewater College,"$33,820","$12,440","$41,467"
> 600,Bridgewater State University,"$16,152","$12,750","$43,800"
> 600,CUNY John Jay College of Criminal Justice,"$14,460","$20,007","$43,300"
> 600,CUNY College of Staten Island,"$14,480","$17,850","$40,767"
> 600,California Baptist University,"$32,256","$8,630","$41,200"
> 600,California University of Pennsylvania,"$15,326","$10,166","$39,733"
> 600,Carroll University,"$31,144","$9,494","$42,300"
> 600,Carthage College,"$41,950","$11,600","$44,133"
> 600,Centenary University,"$32,580","$11,110","$43,567"
> 600,Central Michigan University,"$22,881","$9,736","$40,633"
> 600,University of Central Missouri,"$14,150","$8,644","$37,100"
> 600,University of Central Oklahoma,"$17,447","$7,970","$38,500"
> 600,Christopher Newport University,"$25,850","$11,224","$44,333"
> 600,Clarion University of Pennsylvania,"$15,586","$11,520","$37,233"
> 600,Clark Atlanta University,"$21,892","$10,878","$34,650"
> 600,Coastal Carolina University,"$25,872","$9,414","$37,300"
> 600,University of Colorado Colorado Springs,"$19,498","$10,400","$41,867"
> 600,Colorado Mesa University,"$20,330","$10,735","$35,600"
> 600,Columbia College Chicago,"$26,474","$13,630","$33,600"
> 600,Columbus State University,"$16,920","$10,550","$35,167"
> 600,Concordia University Irvine,"$34,100","$10,960","$44,400"
> 600,Corban University,"$31,640","$10,060","$36,400"
> 600,Cornerstone University,"$27,520","$9,030","$35,833"
> 600,Curry College,"$38,596","$14,735","$45,500"
> 600,D'Youville College,"$25,870","$11,808","$47,567"
> 600,Delaware Valley University,"$38,000","$13,950","$40,500"
> 600,Drury University,"$27,015","$8,036","$31,800"
> 600,University of Dubuque,"$29,710","$9,450","$38,433"
> 600,East Central University,"$15,720","$6,730","$35,467"
> 600,East Stroudsburg University,"$21,536","$8,792","$43,633"
> 600,East Tennessee State University,"$26,463","$7,952","$34,833"
> 600,Eastern Kentucky University,"$19,144","$9,728","$35,000"
> 600,Eastern Michigan University,"$29,200","$9,854","$37,967"
> 600,Eastern Washington University,"$23,862","$11,493","$42,200"
> 600,Edinboro University,"$14,668","$11,219","$35,000"
> 600,Endicott College,"$32,154","$14,900","$49,267"
> 600,Evangel University,"$22,745","$8,196","$34,967"
> 600,Fairleigh Dickinson University,"$39,446","$13,086","$48,000"
> 600,Ferris State University,"$18,570","$9,894","$42,900"
> 600,University of Findlay,"$33,320","$9,720","$41,833"
> 600,Fitchburg State University,"$16,235","$10,676","$42,700"
> 600,Flagler College,"$18,200","$10,680","$37,500"
> 600,Florida Agricultural and Mechanical University,"$17,725","$10,594","$36,267"
> 600,Florida Gulf Coast University,"$25,162","$9,672","$41,500"
> 600,Florida Southern College,"$34,774","$11,204","$39,733"
> 600,Framingham State University,"$16,000","$11,820","$45,433"
> 600,Franciscan University of Steubenville,"$26,430","$8,400","$36,267"
> 600,Franklin Pierce University,"$34,995","$13,082","$38,067"
> 600,Freed-Hardeman University,"$21,950","$7,950","$36,500"
> 600,Georgia Southern University,"$17,142","$9,650","$40,567"
> 600,Georgia College & State University,"$28,060","$12,538","$39,567"
> 600,Grand Valley State University,"$17,376","$9,150","$41,067"
> 600,Harding University,"$19,190","$6,894","$39,167"
> 600,Heidelberg University,"$30,200","$10,200","$37,400"
> 600,Huntington University,"$25,540","$8,456","$34,867"
> 600,Indiana University of Pennsylvania,"$17,271","$12,328","$39,067"
> 600,Indiana University-Purdue University Fort Wayne,"$20,005","$9,345","$35,633"
> 600,Indiana University Southeast,"$19,038","$9,724","$35,867"
> 600,Indiana State University,"$19,452","$9,988","$37,233"
> 600,Johnson & Wales University-Charlotte,"$31,158","$12,834","$36,900"
> 600,Johnson & Wales University-Denver,"$31,158","$11,835","$36,900"
> 600,Johnson & Wales University-North Miami,"$31,158","$11,835","$36,900"
> 600,Johnson & Wales University-Providence,"$31,158","$13,809","$36,900"
> 600,Keene State College,"$22,614","$10,666","$41,033"
> 600,Kennesaw State University,"$17,328","$11,467",n/a
> 600,Kent State University at Kent,"$18,554","$10,916","$36,767"
> 600,Kutztown University of Pennsylvania,"$13,975","$11,310","$41,233"
> 600,Lancaster Bible College,"$22,580","$8,750","$32,433"
> 600,Lasell College,"$34,600","$14,800","$41,200"
> 600,Lee University,"$16,730","$8,080","$33,667"
> 600,Lenoir-Rhyne University,"$35,350","$12,150","$36,900"
> 600,Lindenwood University,"$16,960","$8,800","$40,067"
> 600,Lock Haven University,"$20,056","$9,968","$40,067"
> 600,University of Louisiana at Lafayette,"$23,616","$10,294","$38,500"
> 600,Louisiana Tech University,"$18,558","$6,360","$41,067"
> 600,University of Maine,"$30,282","$10,136","$40,833"
> 600,Mansfield University of Pennsylvania,"$22,008","$11,998","$37,967"
> 600,Marshall University,"$17,856","$10,126","$34,567"
> 600,University of Mary Hardin-Baylor,"$25,860","$7,894","$42,333"
> 600,Marymount Manhattan College,"$31,950","$16,400","$39,967"
> 600,Maryville University,"$28,470","$10,088","$46,367"
> 600,Marywood University,"$33,940","$13,900","$37,733"
> 600,Mercy College,"$18,714","$13,900","$37,833"
> 600,Metropolitan State University of Denver,"$20,149",n/a,"$39,000"
> 600,Middle Tennessee State University,"$26,348","$8,392","$37,200"
> 600,Millersville University,"$21,560","$13,665","$43,167"
> 600,University of Minnesota Duluth,"$18,462","$7,608","$45,500"
> 600,Minnesota State University-Mankato,"$16,216","$9,096","$43,433"
> 600,Minnesota State University Moorhead,"$15,878","$9,008","$38,367"
> 600,Mississippi College,"$17,392","$9,610","$38,100"
> 600,Missouri State University-Springfield,"$14,746","$8,537","$37,833"
> 600,Monmouth University,"$36,732","$13,451","$50,167"
> 600,University of Montana,"$24,943","$9,178","$34,833"
> 600,Montana State University,"$24,071","$9,250","$41,067"
> 600,University of Montevallo,"$25,030","$9,030","$34,067"
> 600,Morehead State University,"$13,426","$9,436","$31,800"
> 600,Murray State University,"$23,820","$8,906","$36,033"
> 600,University of New Orleans,"$13,320","$10,575","$37,933"
> 600,Niagara University,"$31,950","$12,950","$41,400"
> 600,North Carolina Agricultural and Technical State University,"$19,416","$7,260","$33,600"
> 600,North Carolina Central University,"$19,106","$9,852","$32,233"
> 600,University of North Carolina Wilmington,"$21,065","$10,490","$40,200"
> 600,North Central University,"$23,480","$7,130","$32,400"
> 600,University of Northern Colorado,"$21,132","$10,980","$40,400"
> 600,Northern Kentucky University,"$19,104","$9,732","$36,567"
> 600,Northern Michigan University,"$16,120","$10,328","$34,467"
> 600,Northwest Missouri State University,"$12,908","$8,714","$38,600"
> 600,Oakland University,"$24,735","$9,910","$42,667"
> 600,Oklahoma Christian University,"$21,670","$7,590","$37,400"
> 600,Olivet College,"$26,695","$9,310","$36,667"
> 600,Olivet Nazarene University,"$34,940","$7,900","$39,067"
> 600,Oral Roberts University,"$26,792","$8,780","$35,867"
> 600,Our Lady of the Lake University,"$28,192","$9,489","$38,367"
> 600,Palm Beach Atlantic University,"$29,950","$9,660","$39,033"
> 600,Penn State Altoona,"$23,692","$11,280","$48,767"
> 600,Penn State Behrend,"$23,692","$11,280","$48,767"
> 600,Pennsylvania College of Technology,"$23,280","$11,340","$41,167"
> 600,University of Pittsburgh-Bradford,"$25,144","$9,058","$51,133"
> 600,University of Pittsburgh-Greensburg,"$25,114","$10,270","$51,133"
> 600,University of Pittsburgh-Johnstown,"$25,120","$9,660","$51,133"
> 600,Plymouth State University,"$22,230","$10,960","$39,133"
> 600,Point Park University,"$30,130","$11,100","$36,500"
> 600,Radford University,"$22,709","$8,522","$42,500"
> 600,Rhode Island College,"$21,289","$11,536","$40,033"
> 600,SUNY Alfred State College,"$8,327","$12,250","$40,800"
> 600,SUNY Farmingdale State College,"$17,726","$12,892","$48,967"
> 600,SUNY Purchase College,"$18,148","$13,334","$35,133"
> 600,Saginaw Valley State University,"$23,063","$9,465","$38,100"
> 600,The College of Saint Rose,"$31,654","$12,356","$43,033"
> 600,Salem State University,"$16,706","$13,000","$41,633"
> 600,Savannah College of Art and Design,"$36,410","$14,244","$35,600"
> 600,Shippensburg University,"$20,186","$11,656","$44,667"
> 600,Slippery Rock University,"$14,193","$10,312","$40,067"
> 600,University of South Alabama,"$15,324","$7,490","$37,367"
> 600,University of South Dakota,"$12,019","$8,030","$40,533"
> 600,Southeast Missouri State University,"$12,720","$8,715","$36,333"
> 600,Southeastern Louisiana University,"$20,631","$8,854","$36,000"
> 600,Southern University and A&M College,"$18,080","$9,440","$33,867"
> 600,Southern Connecticut State University,"$23,226","$12,432","$42,900"
> 600,University of Southern Indiana,"$18,626","$8,838","$35,700"
> 600,University of Southern Maine,"$20,594","$9,774","$37,933"
> 600,Southern Utah University,"$20,288","$7,067","$38,767"
> 600,St Cloud State University,"$16,462","$8,558","$42,900"
> 600,University of St Francis,"$31,470","$9,358","$48,633"
> 600,Stephen F. Austin State University,"$17,676","$8,868","$40,333"
> 600,University of Tampa,"$28,426","$10,502","$46,100"
> 600,The University of Tennessee-Chattanooga,"$24,782","$9,100","$37,100"
> 600,The University of Tennessee-Martin,"$14,996","$5,976","$35,600"
> 600,Texas A&M University-Commerce,"$20,884","$8,404","$37,933"
> 600,Texas A&M University-Corpus Christi,"$18,925","$9,195","$42,033"
> 600,University of Texas at San Antonio,"$19,168","$11,234","$44,133"
> 600,Touro College,"$17,054","$11,470","$29,633"
> 600,Trine University,"$31,540","$10,570","$41,833"
> 600,Utah Valley University,"$16,066",n/a,"$43,550"
> 600,Valdosta State University,"$17,196","$8,338","$37,433"
> 600,Vanguard University,"$32,430","$9,690","$38,767"
> 600,Weber State University,"$15,260","$8,400","$43,333"
> 600,Webster University,"$27,100","$11,050","$41,300"
> 600,West Chester University,"$21,590","$12,942","$47,067"
> 600,University of West Florida,"$18,658","$9,354","$37,100"
> 600,University of West Georgia,"$17,010","$9,444","$37,500"
> 600,West Liberty University,"$15,020","$9,320","$34,800"
> 600,Western Carolina University,"$17,290","$9,553","$36,567"
> 600,Western Connecticut State University,"$23,107","$12,417","$43,967"
> 600,Western Kentucky University,"$25,512","$8,350","$34,100"
> 600,Western Oregon University,"$25,653","$10,203","$38,633"
> 600,Westfield State University,"$15,795","$10,689","$44,300"
> 600,Wichita State University,"$17,390","$10,000","$39,767"
> 600,Wingate University,"$31,120","$10,780","$40,467"
> 600,Winona State University,"$15,302","$8,730","$43,200"
> 600,Winthrop University,"$29,266","$8,740","$36,100"
> 600,University of Wisconsin-Eau Claire,"$16,736","$7,506","$44,300"
> 600,University of Wisconsin-Green Bay,"$15,728","$7,306","$39,233"
> 600,University of Wisconsin-Oshkosh,"$15,160","$7,792","$41,367"
> 600,University of Wisconsin-Parkside,"$15,378","$7,512","$38,100"
> 600,University of Wisconsin-Platteville,"$15,386","$7,526","$45,733"
> 600,University of Wisconsin-River Falls,"$15,586","$7,760","$40,433"
> 600,University of Wisconsin-Stevens Point,"$16,476","$7,291","$39,400"
> 600,University of Wisconsin-Stout,"$17,423","$6,714","$44,033"
> 600,University of Wisconsin-Whitewater,"$16,235","$6,442","$41,967"
> 600,Worcester State University,"$15,612","$12,130","$46,200"
> 600,Wright State University,"$17,608","$11,376","$38,667"
> 600,York College of Pennsylvania,"$19,430","$10,830","$48,633"
> 600,Youngstown State University,"$8,811","$9,090","$34,500"
